timestamp,close,foreignNotional,high,homeNotional,lastSize,low,open,symbol,trades,turnover,volume,vwap
2018-04-10 00:00:00,6763.0,13805559,6768.5,2042.0957131200005,10000,6750.5,6760.0,XBTUSD,2218,204209571312,13805559,6760.8681
2018-04-10 00:05:00,6751.0,9462505,6765.5,1399.6059648000003,190000,6750.0,6763.0,XBTUSD,1370,139960596480,9462505,6760.8681
2018-04-10 00:10:00,6755.5,8323858,6768.5,1231.07366754,3000,6751.0,6751.0,XBTUSD,1283,123107366754,8323858,6761.7824
2018-04-10 00:15:00,6750.5,9056580,6756.0,1342.14429431,20773,6741.0,6755.5,XBTUSD,1442,134214429431,9056580,6748.0937
2018-04-10 00:20:00,6763.0,7290198,6766.0,1078.6408235000001,1600,6750.0,6750.5,XBTUSD,1125,107864082350,7290198,6759.0402
2018-04-10 00:25:00,6753.5,7620492,6767.0,1127.5429532499998,100,6747.0,6763.0,XBTUSD,1282,112754295325,7620492,6758.5834
2018-04-10 00:30:00,6753.0,2116105,6757.0,313.3052287199999,1,6750.5,6753.5,XBTUSD,706,31330522872,2116105,6754.4748
2018-04-10 00:35:00,6744.0,6336516,6753.5,939.3864426899999,100,6735.0,6753.0,XBTUSD,1322,93938644269,6336516,6745.8176
2018-04-10 00:40:00,6749.5,2791921,6755.0,413.53506837000003,1000,6743.5,6744.0,XBTUSD,664,41353506837,2791921,6751.7386
2018-04-10 00:45:00,6758.5,2699472,6759.0,399.59601962000005,250,6749.5,6749.5,XBTUSD,573,39959601962,2699472,6755.8438
2018-04-10 00:50:00,6751.0,1817036,6759.0,268.99387608999996,10000,6751.0,6758.5,XBTUSD,417,26899387609,1817036,6755.3874
2018-04-10 00:55:00,6753.0,1232716,6753.5,182.56444107,1521,6751.0,6751.0,XBTUSD,318,18256444107,1232716,6752.6504
2018-04-10 01:00:00,6751.0,2602150,6758.5,385.23662275999993,185,6751.0,6753.0,XBTUSD,541,38523662276,2602150,6754.9311
2018-04-10 01:05:00,6736.5,5227735,6751.5,775.4309505700003,1000,6736.5,6751.0,XBTUSD,1174,77543095057,5227735,6741.7245
2018-04-10 01:10:00,6725.0,13382464,6737.0,1990.3526890199996,2000,6714.5,6736.5,XBTUSD,2415,199035268902,13382464,6724.0452
2018-04-10 01:15:00,6728.0,9505646,6728.5,1414.5064007700003,898,6715.0,6725.0,XBTUSD,1517,141450640077,9505646,6720.4301
2018-04-10 01:20:00,6721.0,3860955,6729.5,574.0286437899999,1000,6721.0,6728.0,XBTUSD,810,57402864379,3860955,6726.3066
2018-04-10 01:25:00,6704.5,7326786,6721.5,1091.92596782,100,6700.0,6721.0,XBTUSD,1616,109192596782,7326786,6710.0584
2018-04-10 01:30:00,6719.0,5655834,6719.5,842.8570972499999,255,6704.5,6704.5,XBTUSD,1055,84285709725,5655834,6710.5087
2018-04-10 01:35:00,6721.0,3993473,6724.5,594.2413752199999,29609,6716.0,6719.0,XBTUSD,847,59424137522,3993473,6720.4301
2018-04-10 01:40:00,6727.5,3254813,6727.5,484.23656106000016,2000,6718.0,6721.0,XBTUSD,622,48423656106,3254813,6721.7853
2018-04-10 01:45:00,6739.5,5075580,6740.0,753.8344806100001,10000,6726.0,6727.5,XBTUSD,1069,75383448061,5075580,6733.0999
2018-04-10 01:50:00,6731.5,4709977,6740.0,699.50382368,6,6726.0,6739.5,XBTUSD,850,69950382368,4709977,6733.5533
2018-04-10 01:55:00,6726.5,3297236,6731.5,490.11898697999993,3000,6720.0,6731.5,XBTUSD,657,49011898698,3297236,6727.6642
2018-04-10 02:00:00,6719.5,3141054,6727.5,467.18524573999997,2369,6718.5,6726.5,XBTUSD,694,46718524574,3141054,6723.5931
2018-04-10 02:05:00,6733.0,3715467,6733.0,552.4075074300001,1000,6719.0,6719.5,XBTUSD,827,55240750743,3715467,6726.3066
2018-04-10 02:10:00,6729.5,2383790,6733.0,354.1657319299998,1,6727.5,6733.0,XBTUSD,557,35416573193,2383790,6730.834
2018-04-10 02:15:00,6729.0,2345242,6734.5,348.39827598,1,6729.0,6729.5,XBTUSD,604,34839827598,2345242,6731.7402
2018-04-10 02:20:00,6728.0,1156180,6729.5,171.82527774000005,1,6728.0,6729.0,XBTUSD,389,17182527774,1156180,6729.0223
2018-04-10 02:25:00,6745.0,7191974,6745.0,1067.05848071,6210,6728.0,6728.0,XBTUSD,1138,106705848071,7191974,6740.3613
2018-04-10 02:30:00,6745.0,6642378,6751.0,984.64427672,20558,6742.0,6745.0,XBTUSD,1212,98464427672,6642378,6746.2727
2018-04-10 02:35:00,6742.5,4036380,6745.0,599.0110838600001,1475,6733.0,6745.0,XBTUSD,868,59901108386,4036380,6738.5445
2018-04-10 02:40:00,6743.0,1708677,6743.5,253.39684574000006,1,6742.0,6742.5,XBTUSD,343,25339684574,1708677,6743.0883
2018-04-10 02:45:00,6745.5,4028791,6746.0,597.6245884600003,32840,6737.0,6743.0,XBTUSD,671,59762458846,4028791,6741.7245
2018-04-10 02:50:00,6736.0,4221366,6746.0,626.2217218499999,1147,6734.0,6745.5,XBTUSD,675,62622172185,4221366,6741.2701
2018-04-10 02:55:00,6736.0,2023750,6740.0,300.38352147999996,1,6735.0,6736.0,XBTUSD,577,30038352148,2023750,6737.6364
2018-04-10 03:00:00,6730.0,3299073,6736.5,490.07521072999987,1000,6729.0,6736.0,XBTUSD,1103,49007521073,3299073,6732.1933
2018-04-10 03:05:00,6732.5,5450884,6736.0,809.79474812,1,6727.0,6730.0,XBTUSD,1154,80979474812,5450884,6731.287
2018-04-10 03:10:00,6740.0,1550052,6740.0,230.07301695,8000,6732.5,6732.5,XBTUSD,602,23007301695,1550052,6737.6364
2018-04-10 03:15:00,6737.0,1284900,6740.0,190.68742828999996,1,6736.0,6740.0,XBTUSD,455,19068742829,1284900,6738.5445
2018-04-10 03:20:00,6744.0,7085752,6756.5,1050.2172920799997,206,6737.0,6737.0,XBTUSD,1693,105021729208,7085752,6747.1831
2018-04-10 03:25:00,6746.5,3879940,6747.0,575.2516564100001,1,6739.0,6744.0,XBTUSD,876,57525165641,3879940,6744.9076
2018-04-10 03:30:00,6742.0,3765235,6747.0,558.3601134899998,1,6740.5,6746.5,XBTUSD,741,55836011349,3765235,6743.5431
2018-04-10 03:35:00,6778.5,16658524,6790.0,2461.48489996,10,6742.0,6742.0,XBTUSD,2813,246148489996,16658524,6767.7315
2018-04-10 03:40:00,6759.0,8060555,6779.0,1191.4623004199998,300,6757.0,6778.5,XBTUSD,1430,119146230042,8060555,6765.4421
2018-04-10 03:45:00,6760.0,3236991,6762.0,478.7668771700002,3800,6759.0,6759.0,XBTUSD,539,47876687717,3236991,6761.3252
2018-04-10 03:50:00,6769.5,4691649,6769.5,693.6106729999999,575,6760.0,6760.0,XBTUSD,872,69361067300,4691649,6764.5268
2018-04-10 03:55:00,6769.0,4051447,6771.0,598.43891904,900,6769.0,6769.5,XBTUSD,774,59843891904,4051447,6770.4807
2018-04-10 04:00:00,6782.0,7509989,6788.5,1108.02766602,10000,6769.0,6769.0,XBTUSD,1425,110802766602,7509989,6777.823
2018-04-10 04:05:00,6760.5,11980888,6783.5,1770.398647209999,3500,6756.5,6782.0,XBTUSD,1849,177039864721,11980888,6767.7315
2018-04-10 04:10:00,6779.5,7385489,6783.0,1090.7757729699997,1,6760.5,6760.5,XBTUSD,1412,109077577297,7385489,6770.9391
2018-04-10 04:15:00,6765.5,10993555,6790.0,1621.60618136,1321,6765.0,6779.5,XBTUSD,1956,162160618136,10993555,6779.661
2018-04-10 04:20:00,6754.0,8292562,6766.5,1226.8480396099992,1,6752.0,6765.5,XBTUSD,1678,122684803961,8292562,6759.4971
2018-04-10 04:25:00,6760.5,4276844,6764.5,632.6357686800001,100,6754.0,6754.0,XBTUSD,941,63263576868,4276844,6760.411
2018-04-10 04:30:00,6760.5,2340655,6761.0,346.2613017500001,7,6758.5,6760.5,XBTUSD,419,34626130175,2340655,6759.954
2018-04-10 04:35:00,6750.5,7667001,6761.0,1135.7683449799997,1,6743.0,6760.5,XBTUSD,1464,113576834498,7667001,6750.827
2018-04-10 04:40:00,6742.0,11635115,6750.5,1726.5644312499999,30000,6731.5,6750.5,XBTUSD,2002,172656443125,11635115,6738.9986
2018-04-10 04:45:00,6749.0,4579546,6749.0,678.9143875800002,400,6740.5,6742.0,XBTUSD,862,67891438758,4579546,6745.8176
2018-04-10 04:50:00,6746.0,2193347,6749.0,325.12380025000004,10,6743.5,6749.0,XBTUSD,489,32512380025,2193347,6746.2727
2018-04-10 04:55:00,6750.0,4054652,6758.5,600.39483179,91,6745.5,6746.0,XBTUSD,945,60039483179,4054652,6753.5625
2018-04-10 05:00:00,6748.5,1980554,6750.5,293.5035612700001,9597,6745.0,6750.0,XBTUSD,523,29350356127,1980554,6748.0937
2018-04-10 05:05:00,6749.5,1969027,6754.0,291.64269955000003,50,6748.5,6748.5,XBTUSD,527,29164269955,1969027,6751.7386
2018-04-10 05:10:00,6749.5,784141,6750.0,116.17431102000002,300,6749.5,6749.5,XBTUSD,231,11617431102,784141,6749.9156
2018-04-10 05:15:00,6729.5,11889243,6749.5,1764.8365966,1500,6727.5,6749.5,XBTUSD,1947,176483659660,11889243,6737.1825
2018-04-10 05:20:00,6734.5,10618249,6738.5,1577.36258253,4100,6724.0,6729.5,XBTUSD,1731,157736258253,10618249,6731.7402
2018-04-10 05:25:00,6720.5,8954778,6735.0,1331.8999052600007,2183,6719.0,6734.5,XBTUSD,1573,133189990526,8954778,6723.5931
2018-04-10 05:30:00,6728.5,9010189,6728.5,1340.5565831199992,5,6715.0,6720.5,XBTUSD,1293,134055658312,9010189,6721.3335
2018-04-10 05:35:00,6723.0,2325195,6728.5,345.79112224000005,10,6723.0,6728.5,XBTUSD,472,34579112224,2325195,6724.4973
2018-04-10 05:40:00,6741.5,17038764,6749.0,2531.9590047899997,674,6710.0,6723.0,XBTUSD,2691,253195900479,17038764,6729.928
2018-04-10 05:45:00,6737.5,6400776,6744.0,949.7340142700001,2000,6735.5,6741.5,XBTUSD,1172,94973401427,6400776,6739.907
2018-04-10 05:50:00,6740.5,5119839,6740.5,759.8248729200001,3000,6733.5,6737.5,XBTUSD,805,75982487292,5119839,6738.5445
2018-04-10 05:55:00,6738.0,3207922,6743.5,475.81597742,300,6737.5,6740.5,XBTUSD,686,47581597742,3207922,6742.1791
2018-04-10 06:00:00,6742.0,1425938,6742.0,211.57364922,9000,6737.5,6738.0,XBTUSD,380,21157364922,1425938,6739.907
2018-04-10 06:05:00,6737.0,4704685,6748.0,697.6513103099999,25,6737.0,6742.0,XBTUSD,1046,69765131031,4704685,6743.9978
2018-04-10 06:10:00,6742.5,2598564,6744.5,385.51248002,1000,6736.5,6737.0,XBTUSD,686,38551248002,2598564,6740.8156
2018-04-10 06:15:00,6750.0,1802614,6750.0,267.21145833,2500,6743.0,6742.5,XBTUSD,638,26721145833,1802614,6746.2727
2018-04-10 06:20:00,6738.5,4205000,6750.0,623.4538577200001,2000,6738.5,6750.0,XBTUSD,860,62345385772,4205000,6744.9076
2018-04-10 06:25:00,6731.0,4226568,6739.0,627.6799680800002,2500,6730.0,6738.5,XBTUSD,953,62767996808,4226568,6734.0067
2018-04-10 06:30:00,6729.0,2928119,6731.0,435.1611325099999,326,6726.0,6731.0,XBTUSD,727,43516113251,2928119,6729.0223
2018-04-10 06:35:00,6725.5,4401777,6735.5,653.87764983,1000,6725.5,6729.0,XBTUSD,887,65387764983,4401777,6732.1933
2018-04-10 06:40:00,6722.5,4492189,6727.0,667.9100804400002,496,6722.5,6725.5,XBTUSD,871,66791008044,4492189,6725.8542
2018-04-10 06:45:00,6727.5,5495613,6728.0,817.3999113500001,1,6720.0,6722.5,XBTUSD,1114,81739991135,5495613,6723.5931
2018-04-10 06:50:00,6713.5,9463504,6728.0,1408.9083358900004,5800,6711.0,6727.5,XBTUSD,1652,140890833589,9463504,6717.2701
2018-04-10 06:55:00,6700.0,26203959,6714.0,3915.293958670002,5743,6680.0,6713.5,XBTUSD,4543,391529395867,26203959,6692.9924
2018-04-10 07:00:00,6698.0,8126598,6706.5,1213.3117741000003,27977,6690.0,6700.0,XBTUSD,1715,121331177410,8126598,6697.9236
2018-04-10 07:05:00,6710.0,13218132,6720.0,1971.9919883799998,4100,6689.0,6698.0,XBTUSD,2110,197199198838,13218132,6703.3114
2018-04-10 07:10:00,6710.5,7841720,6717.5,1168.2172045799998,94101,6708.5,6710.0,XBTUSD,1236,116821720458,7841720,6712.761
2018-04-10 07:15:00,6721.5,12953004,6729.0,1926.5375757099996,2000,6710.5,6710.5,XBTUSD,1770,192653757571,12953004,6723.5931
2018-04-10 07:20:00,6730.5,4580671,6730.5,681.1745049100001,900,6721.0,6721.5,XBTUSD,831,68117450491,4580671,6724.9496
2018-04-10 07:25:00,6724.0,4932140,6735.5,733.04157456,1993,6722.5,6730.5,XBTUSD,982,73304157456,4932140,6728.5695
2018-04-10 07:30:00,6721.0,2016217,6725.0,299.92325436,200,6721.0,6724.0,XBTUSD,424,29992325436,2016217,6722.6891
2018-04-10 07:35:00,6704.5,4542943,6721.5,676.70571959,1,6704.0,6721.0,XBTUSD,1027,67670571959,4542943,6713.6623
2018-04-10 07:40:00,6719.5,9744009,6725.0,1451.4890542400003,200,6703.0,6704.5,XBTUSD,1392,145148905424,9744009,6713.2116
2018-04-10 07:45:00,6717.5,3086370,6720.0,459.4663924400001,194,6715.0,6719.5,XBTUSD,595,45946639244,3086370,6717.7213
2018-04-10 07:50:00,6711.5,3932361,6718.0,585.89645669,100,6705.0,6717.5,XBTUSD,859,58589645669,3932361,6711.8599
2018-04-10 07:55:00,6715.0,1798585,6715.0,267.9733448299999,3000,6711.5,6711.5,XBTUSD,360,26797334483,1798585,6711.8599
2018-04-10 08:00:00,6723.0,5119823,6725.0,761.8120786500001,2117,6714.5,6715.0,XBTUSD,939,76181207865,5119823,6720.8818
2018-04-10 08:05:00,6722.0,3476605,6725.0,517.0659186600001,80,6722.0,6723.0,XBTUSD,518,51706591866,3476605,6724.0452
2018-04-10 08:10:00,6715.5,2915691,6722.5,433.94303905000004,75,6715.5,6722.0,XBTUSD,559,43394303905,2915691,6719.0755
2018-04-10 08:15:00,6712.0,2611951,6718.0,388.95891564000004,10,6711.5,6715.5,XBTUSD,570,38895891564,2611951,6715.4657
2018-04-10 08:20:00,6710.5,5012398,6712.0,747.15584809,1000,6703.5,6712.0,XBTUSD,1064,74715584809,5012398,6708.7079
2018-04-10 08:25:00,6711.0,1805599,6711.0,269.06667769000006,73,6710.0,6710.5,XBTUSD,440,26906667769,1805599,6710.959
2018-04-10 08:30:00,6692.0,16105829,6715.0,2404.0793978700003,2662,6690.0,6711.0,XBTUSD,2378,240407939787,16105829,6699.7186
2018-04-10 08:35:00,6664.0,41684738,6692.5,6264.962223200003,12220,6620.0,6692.0,XBTUSD,6181,626496222320,41684738,6653.8026
2018-04-10 08:40:00,6682.0,13417767,6689.0,2008.1241157699994,167,6663.5,6664.0,XBTUSD,2405,200812411577,13417767,6681.8121
2018-04-10 08:45:00,6708.5,17880525,6718.0,2667.4616489500004,1300,6682.0,6682.0,XBTUSD,2721,266746164895,17880525,6703.3114
2018-04-10 08:50:00,6716.5,10421627,6720.0,1551.63475378,19762,6708.5,6708.5,XBTUSD,1817,155163475378,10421627,6716.8189
2018-04-10 08:55:00,6717.5,5293020,6717.5,788.16847972,400,6714.0,6716.5,XBTUSD,865,78816847972,5293020,6715.9167
2018-04-10 09:00:00,6722.5,6876061,6727.0,1022.8438260400003,1,6717.0,6717.5,XBTUSD,1443,102284382604,6876061,6722.6891
2018-04-10 09:05:00,6716.0,6215476,6727.0,924.4864367399998,500,6716.0,6722.5,XBTUSD,1029,92448643674,6215476,6723.5931
2018-04-10 09:10:00,6718.5,4804510,6721.5,715.1022809,550,6716.0,6716.0,XBTUSD,702,71510228090,4804510,6719.0755
2018-04-10 09:15:00,6732.0,5756524,6732.0,855.8631804300003,8607,6718.5,6718.5,XBTUSD,1304,85586318043,5756524,6726.3066
2018-04-10 09:20:00,6739.5,20679910,6759.0,3066.03679556,28,6731.5,6732.0,XBTUSD,3615,306603679556,20679910,6744.9076
2018-04-10 09:25:00,6734.0,4566299,6741.5,677.7474715299999,24920,6733.0,6739.5,XBTUSD,1083,67774747153,4566299,6737.6364
2018-04-10 09:30:00,6730.0,5852471,6734.5,869.46947133,2000,6728.0,6734.0,XBTUSD,1113,86946947133,5852471,6731.287
2018-04-10 09:35:00,6725.0,2604623,6734.5,386.9636190399999,300,6724.0,6730.0,XBTUSD,767,38696361904,2604623,6731.287
2018-04-10 09:40:00,6729.0,2133957,6729.0,317.18606065000006,600,6725.0,6725.0,XBTUSD,468,31718606065,2133957,6728.1168
2018-04-10 09:45:00,6737.0,4827817,6744.0,716.4181446100002,1059,6729.0,6729.0,XBTUSD,1108,71641814461,4827817,6738.9986
2018-04-10 09:50:00,6735.5,2229307,6737.5,331.00910663,500,6732.0,6737.0,XBTUSD,594,33100910663,2229307,6734.9138
2018-04-10 09:55:00,6740.5,7885010,6753.0,1168.81132921,2000,6736.0,6735.5,XBTUSD,1477,116881132921,7885010,6746.2727
2018-04-10 10:00:00,6769.5,13743713,6775.0,2032.1502041599992,28,6740.5,6740.5,XBTUSD,2669,203215020416,13743713,6763.1543
2018-04-10 10:05:00,6754.5,12520005,6769.0,1852.2442919000005,19742,6754.5,6769.5,XBTUSD,1756,185224429190,12520005,6759.4971
2018-04-10 10:10:00,6730.0,15707708,6756.5,2331.7929870500006,1000,6725.0,6754.5,XBTUSD,2796,233179298705,15707708,6736.7286
2018-04-10 10:15:00,6721.5,12724621,6732.0,1892.945113900001,400,6710.0,6730.0,XBTUSD,2406,189294511390,12724621,6722.2372
2018-04-10 10:20:00,6729.0,5544415,6731.5,824.375893,265,6721.5,6721.5,XBTUSD,1039,82437589300,5544415,6725.8542
2018-04-10 10:25:00,6728.0,3053730,6732.5,453.7384834999999,500,6728.0,6729.0,XBTUSD,718,45373848350,3053730,6730.3809
2018-04-10 10:30:00,6723.0,9189952,6728.5,1368.3077404399999,20810,6705.5,6728.0,XBTUSD,2039,136830774044,9189952,6716.3678
2018-04-10 10:35:00,6721.5,3806028,6723.0,566.2813877399998,1111,6716.0,6723.0,XBTUSD,743,56628138774,3806028,6721.3335
2018-04-10 10:40:00,6729.0,3590075,6729.5,533.7028779499999,2500,6721.0,6721.5,XBTUSD,698,53370287795,3590075,6726.759
2018-04-10 10:45:00,6726.5,3565314,6729.5,530.14799212,48851,6721.5,6729.0,XBTUSD,591,53014799212,3565314,6725.4018
2018-04-10 10:50:00,6732.0,2836048,6732.5,421.33908734999983,300,6726.5,6726.5,XBTUSD,646,42133908735,2836048,6731.287
2018-04-10 10:55:00,6723.5,1951061,6732.5,290.02800421,42,6722.0,6732.0,XBTUSD,578,29002800421,1951061,6727.2116
2018-04-10 11:00:00,6726.5,1984627,6727.0,295.09099634999984,10,6723.0,6723.5,XBTUSD,405,29509099635,1984627,6725.8542
2018-04-10 11:05:00,6711.5,8771595,6726.5,1306.80977612,662,6705.5,6726.5,XBTUSD,1670,130680977612,8771595,6712.3104
2018-04-10 11:10:00,6729.5,8370458,6732.5,1244.9516378400006,500,6711.5,6711.5,XBTUSD,1498,124495163784,8370458,6723.5931
2018-04-10 11:15:00,6725.5,2668571,6730.0,396.76680425999996,1,6720.5,6729.5,XBTUSD,725,39676680426,2668571,6725.8542
2018-04-10 11:20:00,6739.5,13629886,6750.0,2022.6273775899992,744,6725.0,6725.5,XBTUSD,2298,202262737759,13629886,6738.9986
2018-04-10 11:25:00,6744.0,6601059,6744.5,979.6563819299997,65,6730.5,6739.5,XBTUSD,1196,97965638193,6601059,6738.5445
2018-04-10 11:30:00,6749.5,6769929,6750.0,1003.6414143699997,21,6738.0,6744.0,XBTUSD,1326,100364141437,6769929,6745.8176
2018-04-10 11:35:00,6743.0,7718748,6758.0,1143.1958003099999,100,6743.0,6749.5,XBTUSD,1553,114319580031,7718748,6752.1945
2018-04-10 11:40:00,6737.0,5320864,6749.0,788.9706365200001,358,6734.0,6743.0,XBTUSD,1046,78897063652,5320864,6744.4527
2018-04-10 11:45:00,6738.0,4425788,6741.5,656.7912872400001,2,6735.5,6737.0,XBTUSD,685,65679128724,4425788,6738.5445
2018-04-10 11:50:00,6750.0,4835193,6750.5,716.7128959200004,300,6738.5,6738.0,XBTUSD,1219,71671289592,4835193,6746.7278
2018-04-10 11:55:00,6742.5,5045214,6750.5,748.1546963699998,300,6740.0,6750.0,XBTUSD,910,74815469637,5045214,6743.9978
2018-04-10 12:00:00,6741.5,4571024,6743.0,678.0257029800001,375,6740.5,6742.5,XBTUSD,612,67802570298,4571024,6741.7245
2018-04-10 12:05:00,6734.0,13710102,6741.5,2037.0707101899995,6,6720.0,6741.5,XBTUSD,2172,203707071019,13710102,6730.3809
2018-04-10 12:10:00,6725.0,3646026,6734.0,541.71654105,1695,6725.0,6734.0,XBTUSD,728,54171654105,3646026,6730.834
2018-04-10 12:15:00,6726.0,5672033,6728.0,843.7132304300001,5000,6720.0,6725.0,XBTUSD,1136,84371323043,5672033,6723.1411
2018-04-10 12:20:00,6733.5,3502610,6733.5,520.4603790199996,2620,6725.5,6726.0,XBTUSD,865,52046037902,3502610,6729.928
2018-04-10 12:25:00,6729.0,1552627,6733.5,230.67266086999996,2,6728.5,6733.5,XBTUSD,454,23067266087,1552627,6731.287
2018-04-10 12:30:00,6729.5,2148156,6730.0,319.28977191,700,6724.5,6729.0,XBTUSD,572,31928977191,2148156,6728.1168
2018-04-10 12:35:00,6744.5,5954467,6745.0,884.0740079199998,400,6729.0,6729.5,XBTUSD,1125,88407400792,5954467,6735.3674
2018-04-10 12:40:00,6743.0,14965185,6761.0,2216.611449599999,200,6743.0,6744.5,XBTUSD,2583,221661144960,14965185,6751.7386
2018-04-10 12:45:00,6743.5,5488635,6744.0,814.24584061,200,6737.5,6743.0,XBTUSD,893,81424584061,5488635,6740.8156
2018-04-10 12:50:00,6736.0,3192399,6744.0,473.78415931,200,6735.5,6743.5,XBTUSD,667,47378415931,3192399,6738.0904
2018-04-10 12:55:00,6747.0,5463414,6754.0,810.0626993699999,1,6736.0,6736.0,XBTUSD,1183,81006269937,5463414,6744.4527
2018-04-10 13:00:00,6747.5,4013374,6748.0,594.98953607,375,6740.5,6747.0,XBTUSD,873,59498953607,4013374,6745.3626
2018-04-10 13:05:00,6747.5,16175006,6764.5,2394.6246359799984,100,6746.0,6747.5,XBTUSD,2527,239462463598,16175006,6754.9311
2018-04-10 13:10:00,6745.0,4688564,6748.0,695.1770411499999,500,6741.0,6747.5,XBTUSD,1037,69517704115,4688564,6744.4527
2018-04-10 13:15:00,6754.5,5777297,6755.0,855.9350672399996,6912,6744.5,6745.0,XBTUSD,1139,85593506724,5777297,6749.9156
2018-04-10 13:20:00,6748.0,2582291,6755.0,382.51959297,10,6747.0,6754.5,XBTUSD,720,38251959297,2582291,6750.827
2018-04-10 13:25:00,6746.5,1797415,6748.5,266.39605995000005,15000,6746.0,6748.0,XBTUSD,485,26639605995,1797415,6747.1831
2018-04-10 13:30:00,6745.5,2385599,6749.0,353.5762332799999,198,6745.0,6746.5,XBTUSD,677,35357623328,2385599,6747.1831
2018-04-10 13:35:00,6742.0,4223051,6745.5,626.1812834499999,1250,6742.0,6745.5,XBTUSD,786,62618128345,4223051,6744.4527
2018-04-10 13:40:00,6749.0,6020048,6749.5,892.7009075899997,250,6739.0,6742.0,XBTUSD,1240,89270090759,6020048,6743.9978
2018-04-10 13:45:00,6747.0,4957087,6753.0,734.5780542999998,7298,6745.0,6749.0,XBTUSD,978,73457805430,4957087,6748.5491
2018-04-10 13:50:00,6747.5,4414142,6748.0,654.3708870400001,1000,6742.0,6747.0,XBTUSD,870,65437088704,4414142,6745.8176
2018-04-10 13:55:00,6749.0,3480670,6749.5,515.93081561,2000,6744.0,6747.5,XBTUSD,714,51593081561,3480670,6746.7278
2018-04-10 14:00:00,6748.5,4075628,6749.5,603.9762962699999,6700,6747.5,6749.0,XBTUSD,573,60397629627,4075628,6748.0937
2018-04-10 14:05:00,6748.5,1852644,6749.0,274.51451762999994,800,6748.0,6748.5,XBTUSD,417,27451451763,1852644,6749.0045
2018-04-10 14:10:00,6753.0,4298238,6754.0,636.6723964999999,20000,6748.5,6748.5,XBTUSD,944,63667239650,4298238,6751.2827
2018-04-10 14:15:00,6753.5,4017868,6755.0,594.9130400399998,200,6752.5,6753.0,XBTUSD,907,59491304004,4017868,6754.0186
2018-04-10 14:20:00,6747.5,4013291,6754.0,594.6476619800001,25000,6747.5,6753.5,XBTUSD,915,59464766198,4013291,6749.46
2018-04-10 14:25:00,6741.0,8144964,6748.0,1207.9717784699997,7,6740.0,6747.5,XBTUSD,1417,120797177847,8144964,6743.0883
2018-04-10 14:30:00,6739.5,9127703,6741.0,1355.0508361000004,1756,6730.0,6741.0,XBTUSD,1794,135505083610,9127703,6736.2748
2018-04-10 14:35:00,6746.0,4469944,6747.5,662.8664104899999,100,6739.0,6739.5,XBTUSD,919,66286641049,4469944,6743.5431
2018-04-10 14:40:00,6740.5,2175739,6746.5,322.63051464,5000,6740.0,6746.0,XBTUSD,528,32263051464,2175739,6743.9978
2018-04-10 14:45:00,6742.0,2573766,6743.0,381.76020997,6000,6739.5,6740.5,XBTUSD,476,38176020997,2573766,6742.1791
2018-04-10 14:50:00,6739.5,1643359,6742.5,243.77380169,67,6739.0,6742.0,XBTUSD,327,24377380169,1643359,6741.7245
2018-04-10 14:55:00,6743.0,2421925,6743.0,359.34116135,53607,6738.5,6739.5,XBTUSD,543,35934116135,2421925,6739.907
2018-04-10 15:00:00,6746.0,2359538,6746.5,349.84313810000003,1400,6742.5,6743.0,XBTUSD,588,34984313810,2359538,6744.9076
2018-04-10 15:05:00,6815.0,56924919,6880.0,8353.838099109993,168,6746.0,6746.0,XBTUSD,8613,835383809911,56924919,6814.3101
2018-04-10 15:10:00,6812.5,21362183,6815.5,3137.0620016799967,15,6804.0,6815.0,XBTUSD,3063,313706200168,21362183,6809.6697
2018-04-10 15:15:00,6805.0,15210999,6818.0,2233.01879851,68,6804.5,6812.5,XBTUSD,2279,223301879851,15210999,6811.9891
2018-04-10 15:20:00,6806.0,7175018,6809.5,1053.9365985700003,68,6804.5,6805.0,XBTUSD,1336,105393659857,7175018,6808.2789
2018-04-10 15:25:00,6815.5,12781275,6822.5,1875.26993523,2000,6805.5,6806.0,XBTUSD,2197,187526993523,12781275,6815.7034
2018-04-10 15:30:00,6834.5,12219494,6835.0,1790.0739670500009,1000,6815.0,6815.5,XBTUSD,2244,179007396705,12219494,6826.4045
2018-04-10 15:35:00,6816.5,11708899,6835.0,1715.6024496700004,1,6816.0,6834.5,XBTUSD,2005,171560244967,11708899,6825.0068
2018-04-10 15:40:00,6815.0,6574443,6817.0,964.74310628,6140,6811.0,6816.5,XBTUSD,1276,96474310628,6574443,6814.7744
2018-04-10 15:45:00,6820.0,6606056,6820.5,969.1258541000002,1,6811.0,6815.0,XBTUSD,1128,96912585410,6606056,6816.6326
2018-04-10 15:50:00,6815.5,3776045,6821.0,553.7578907799999,2388,6815.0,6820.0,XBTUSD,870,55375789078,3776045,6818.9567
2018-04-10 15:55:00,6825.0,5873125,6825.0,861.3746094100001,200,6813.5,6815.5,XBTUSD,1045,86137460941,5873125,6818.4917
2018-04-10 16:00:00,6814.5,3933681,6825.0,576.87190902,1,6814.5,6825.0,XBTUSD,887,57687190902,3933681,6819.4217
2018-04-10 16:05:00,6819.5,4547560,6824.5,666.8079832399999,15000,6814.5,6814.5,XBTUSD,1098,66680798324,4547560,6820.3519
2018-04-10 16:10:00,6817.5,3216069,6821.0,471.6050940999999,50,6817.5,6819.5,XBTUSD,789,47160509410,3216069,6819.4217
2018-04-10 16:15:00,6819.5,4340425,6820.0,636.7002025400001,1000,6815.0,6817.5,XBTUSD,907,63670020254,4340425,6817.0973
2018-04-10 16:20:00,6823.0,5128136,6823.5,751.7792147199998,20000,6819.0,6819.5,XBTUSD,964,75177921472,5128136,6821.7477
2018-04-10 16:25:00,6809.5,6503847,6823.5,954.13557079,4196,6809.5,6823.0,XBTUSD,1264,95413557079,6503847,6816.6326
2018-04-10 16:30:00,6814.0,8101948,6818.5,1189.5672936300004,6525,6807.0,6809.5,XBTUSD,1575,118956729363,8101948,6811.0612
2018-04-10 16:35:00,6818.5,3085704,6818.5,452.79460033,1181,6813.5,6814.0,XBTUSD,653,45279460033,3085704,6815.2389
2018-04-10 16:40:00,6806.5,6050577,6818.0,888.5398543500002,10,6802.5,6818.5,XBTUSD,1368,88853985435,6050577,6809.6697
2018-04-10 16:45:00,6819.0,5574034,6819.0,818.2148721400001,2000,6806.0,6806.5,XBTUSD,1165,81821487214,5574034,6812.4532
2018-04-10 16:50:00,6821.0,5462227,6821.5,801.1066945699996,50,6812.5,6819.0,XBTUSD,1233,80110669457,5462227,6818.4917
2018-04-10 16:55:00,6830.0,7769873,6835.0,1137.9940442000002,150,6821.0,6821.0,XBTUSD,2214,113799404420,7769873,6827.8028
2018-04-10 17:00:00,6824.0,5732869,6830.0,840.2922680100003,4000,6816.0,6830.0,XBTUSD,1438,84029226801,5732869,6822.6786
2018-04-10 17:05:00,6820.0,4930757,6824.5,722.9005686100002,9464,6817.5,6824.0,XBTUSD,1159,72290056861,4930757,6820.8171
2018-04-10 17:10:00,6823.0,3040192,6826.5,445.5472937600003,500,6819.5,6820.0,XBTUSD,828,44554729376,3040192,6823.6097
2018-04-10 17:15:00,6841.5,21477055,6869.0,3136.24578717,8087,6822.5,6823.0,XBTUSD,3616,313624578717,21477055,6848.3769
2018-04-10 17:20:00,6836.0,12759291,6854.5,1864.9153932099996,2000,6835.0,6841.5,XBTUSD,2046,186491539321,12759291,6841.8172
2018-04-10 17:25:00,6843.0,5670945,6843.5,829.2626611099998,20,6834.5,6836.0,XBTUSD,1113,82926266111,5670945,6838.542
2018-04-10 17:30:00,6840.5,2631309,6843.0,384.61697489,1200,6840.5,6843.0,XBTUSD,592,38461697489,2631309,6841.8172
2018-04-10 17:35:00,6841.5,4298247,6841.5,628.5614688399997,2000,6835.0,6840.5,XBTUSD,866,62856146884,4298247,6838.542
2018-04-10 17:40:00,6835.5,5528489,6841.5,808.6977653000001,600,6830.5,6841.5,XBTUSD,1104,80869776530,5528489,6836.6719
2018-04-10 17:45:00,6838.0,3863271,6838.5,565.2676895699999,2,6831.5,6835.5,XBTUSD,917,56526768957,3863271,6834.8028
2018-04-10 17:50:00,6837.0,1893437,6838.5,276.91971021,2000,6836.5,6838.0,XBTUSD,504,27691971021,1893437,6837.6068
2018-04-10 17:55:00,6847.5,5336680,6849.0,779.80658051,350,6836.5,6837.0,XBTUSD,1223,77980658051,5336680,6843.6901
2018-04-10 18:00:00,6853.5,4845176,6854.5,707.7322197399999,7,6840.0,6847.5,XBTUSD,1321,70773221974,4845176,6846.5014
2018-04-10 18:05:00,6849.0,7035098,6854.0,1027.0033554299998,500,6848.0,6853.5,XBTUSD,1244,102700335543,7035098,6850.2535
2018-04-10 18:10:00,6839.0,10224703,6849.0,1495.11772727,4850,6828.5,6849.0,XBTUSD,1948,149511772727,10224703,6839.0097
2018-04-10 18:15:00,6839.0,2534092,6842.5,370.54440422999994,2000,6836.5,6839.0,XBTUSD,680,37054440423,2534092,6839.0097
2018-04-10 18:20:00,6834.0,3219214,6839.0,470.93199211,100,6834.0,6839.0,XBTUSD,697,47093199211,3219214,6836.2045
2018-04-10 18:25:00,6837.5,4569931,6838.0,668.8103675699999,6700,6830.0,6834.0,XBTUSD,1024,66881036757,4569931,6832.9347
2018-04-10 18:30:00,6841.0,1750208,6841.0,255.95387719000004,6000,6836.0,6837.5,XBTUSD,623,25595387719,1750208,6838.0744
2018-04-10 18:35:00,6833.5,2755500,6841.0,403.01565368999985,384,6833.0,6841.0,XBTUSD,815,40301565369,2755500,6837.6068
2018-04-10 18:40:00,6835.0,2169458,6835.0,317.4795522,100,6833.0,6833.5,XBTUSD,580,31747955220,2169458,6833.4017
2018-04-10 18:45:00,6840.0,1886940,6840.5,275.91695004,12759,6835.0,6835.0,XBTUSD,585,27591695004,1886940,6839.0097
2018-04-10 18:50:00,6835.0,2991915,6840.5,437.7442384400001,1000,6834.0,6840.0,XBTUSD,750,43774423844,2991915,6835.27
2018-04-10 18:55:00,6829.0,7615631,6839.0,1115.2864685700004,1,6821.0,6835.0,XBTUSD,1951,111528646857,7615631,6828.7353
2018-04-10 19:00:00,6840.0,5166660,6840.0,756.0697629000001,500,6826.0,6829.0,XBTUSD,1118,75606976290,5166660,6833.8687
2018-04-10 19:05:00,6832.5,4353986,6840.5,636.8144590299999,1,6831.5,6840.0,XBTUSD,904,63681445903,4353986,6837.1393
2018-04-10 19:10:00,6830.5,2752351,6835.0,402.84501730999995,1,6830.0,6832.5,XBTUSD,762,40284501731,2752351,6832.4679
2018-04-10 19:15:00,6832.5,3006885,6833.0,440.30630137,100,6826.5,6830.5,XBTUSD,715,44030630137,3006885,6829.2017
2018-04-10 19:20:00,6832.0,1197419,6833.0,175.29333193,31691,6829.0,6832.5,XBTUSD,433,17529333193,1197419,6831.0677
2018-04-10 19:25:00,6835.0,1219307,6835.0,178.44322252,1,6831.5,6832.0,XBTUSD,437,17844322252,1219307,6833.4017
2018-04-10 19:30:00,6834.0,976768,6835.0,142.93214069999996,1800,6833.5,6835.0,XBTUSD,354,14293214070,976768,6833.8687
2018-04-10 19:35:00,6839.0,2653695,6839.5,388.24844285000006,4011,6833.5,6834.0,XBTUSD,694,38824844285,2653695,6835.27
2018-04-10 19:40:00,6838.0,3391421,6843.0,495.82067242000005,197,6836.5,6839.0,XBTUSD,863,49582067242,3391421,6840.4132
2018-04-10 19:45:00,6836.5,1131052,6838.0,165.42463192000002,6,6836.0,6838.0,XBTUSD,443,16542463192,1131052,6837.6068
2018-04-10 19:50:00,6842.5,3869527,6845.5,565.5672846,1000,6836.0,6836.5,XBTUSD,1050,56556728460,3869527,6842.2853
2018-04-10 19:55:00,6844.0,2279598,6844.5,333.2258700400001,100,6837.5,6842.5,XBTUSD,620,33322587004,2279598,6841.3491
2018-04-10 20:00:00,6844.5,6434630,6852.5,939.7084724999997,386,6841.5,6844.0,XBTUSD,1294,93970847250,6434630,6847.908
2018-04-10 20:05:00,6831.0,11857710,6845.0,1735.9721949699995,345,6824.5,6844.5,XBTUSD,2332,173597219497,11857710,6830.6011
2018-04-10 20:10:00,6817.0,9614554,6831.5,1409.9578717199997,1000,6810.0,6831.0,XBTUSD,2186,140995787172,9614554,6819.4217
2018-04-10 20:15:00,6805.5,7662699,6819.0,1124.8754460100004,12,6804.5,6817.0,XBTUSD,1803,112487544601,7662699,6812.4532
2018-04-10 20:20:00,6822.5,5752615,6822.5,844.0638665999998,2595,6805.0,6805.5,XBTUSD,1375,84406386660,5752615,6815.7034
2018-04-10 20:25:00,6820.0,10489376,6822.5,1539.7250665100003,50,6803.5,6822.5,XBTUSD,1809,153972506651,10489376,6812.9173
2018-04-10 20:30:00,6818.5,2719993,6821.5,398.88911459,480,6817.0,6820.0,XBTUSD,632,39888911459,2719993,6818.9567
2018-04-10 20:35:00,6816.0,2462874,6819.0,361.39319551000006,10,6811.0,6818.5,XBTUSD,615,36139319551,2462874,6815.2389
2018-04-10 20:40:00,6816.5,591247,6816.5,86.73853520000002,4400,6816.0,6816.0,XBTUSD,206,8673853520,591247,6816.6326
2018-04-10 20:45:00,6827.0,4275818,6828.0,626.6308694399999,8600,6816.0,6816.5,XBTUSD,1012,62663086944,4275818,6823.6097
2018-04-10 20:50:00,6823.5,1880489,6827.5,275.51900140000004,5000,6823.0,6827.0,XBTUSD,572,27551900140,1880489,6825.4727
2018-04-10 20:55:00,6825.0,774606,6825.5,113.50721338,1500,6823.5,6823.5,XBTUSD,359,11350721338,774606,6824.541
2018-04-10 21:00:00,6833.0,2463605,6833.5,360.67561122,30,6825.0,6825.0,XBTUSD,765,36067561122,2463605,6830.6011
2018-04-10 21:05:00,6823.5,2103535,6833.5,308.11019030999984,2000,6823.5,6833.0,XBTUSD,761,30811019031,2103535,6827.3367
2018-04-10 21:10:00,6825.0,1883230,6825.0,276.01679977000015,200,6820.0,6823.5,XBTUSD,591,27601679977,1883230,6823.1441
2018-04-10 21:15:00,6827.5,1195998,6827.5,175.18904396000002,6882,6825.0,6825.0,XBTUSD,347,17518904396,1195998,6827.3367
2018-04-10 21:20:00,6829.5,2006587,6830.0,293.88192255999996,100,6826.5,6827.5,XBTUSD,439,29388192256,2006587,6828.269
2018-04-10 21:25:00,6838.5,9042065,6848.5,1321.8517637999996,2500,6829.5,6829.5,XBTUSD,1864,132185176380,9042065,6840.8811
2018-04-10 21:30:00,6841.5,4947823,6842.5,723.5718235299998,767,6832.0,6838.5,XBTUSD,1228,72357182353,4947823,6838.0744
2018-04-10 21:35:00,6838.0,2280453,6841.5,333.38611697000005,10000,6838.0,6841.5,XBTUSD,455,33338611697,2280453,6840.4132
2018-04-10 21:40:00,6838.0,3994939,6845.0,584.2228425000001,315,6833.0,6838.0,XBTUSD,994,58422284250,3994939,6838.0744
2018-04-10 21:45:00,6840.0,1798596,6840.5,263.02849141999997,5000,6836.5,6838.0,XBTUSD,447,26302849142,1798596,6838.0744
2018-04-10 21:50:00,6845.0,2187474,6845.0,319.70715855,100,6840.0,6840.0,XBTUSD,556,31970715855,2187474,6842.2853
2018-04-10 21:55:00,6844.0,3997065,6849.0,583.7965795900001,50,6841.5,6845.0,XBTUSD,1017,58379657959,3997065,6846.9702
2018-04-10 22:00:00,6845.0,1853409,6845.0,270.84057134000005,1522,6841.0,6844.0,XBTUSD,605,27084057134,1853409,6843.2218
2018-04-10 22:05:00,6837.0,2246128,6845.0,328.2874114,300,6837.0,6845.0,XBTUSD,718,32828741140,2246128,6842.2853
2018-04-10 22:10:00,6836.0,2780993,6837.5,406.87549478,10,6832.5,6837.0,XBTUSD,803,40687549478,2780993,6835.27
2018-04-10 22:15:00,6834.5,2003225,6836.5,293.10316235999994,500,6832.0,6836.0,XBTUSD,590,29310316236,2003225,6834.8028
2018-04-10 22:20:00,6843.5,1963635,6844.0,287.14130750000004,7,6834.5,6834.5,XBTUSD,653,28714130750,1963635,6839.0097
2018-04-10 22:25:00,6845.5,4494555,6849.0,656.5313164299998,4394,6843.5,6843.5,XBTUSD,989,65653131643,4494555,6846.0327
2018-04-10 22:30:00,6850.0,2131409,6850.0,311.24860662999987,156,6845.0,6845.5,XBTUSD,644,31124860663,2131409,6848.3769
2018-04-10 22:35:00,6858.5,20935917,6888.0,3048.39855899,59,6849.5,6850.0,XBTUSD,4392,304839855899,20935917,6868.1319
2018-04-10 22:40:00,6843.0,8101121,6858.5,1183.4699889899996,30000,6839.0,6858.5,XBTUSD,1914,118346998899,8101121,6845.5641
2018-04-10 22:45:00,6838.5,4889000,6843.5,714.92387061,7601,6836.0,6843.0,XBTUSD,1137,71492387061,4889000,6838.542
2018-04-10 22:50:00,6780.0,21388041,6839.0,3139.5564470899994,10000,6780.0,6838.5,XBTUSD,4673,313955644709,21388041,6812.4532
2018-04-10 22:55:00,6796.0,27470525,6799.5,4051.688503479998,10000,6756.0,6780.0,XBTUSD,3944,405168850348,27470525,6780.1207
2018-04-10 23:00:00,6794.0,13524582,6797.0,1993.0271083100004,500,6774.5,6796.0,XBTUSD,2399,199302710831,13524582,6786.1021
2018-04-10 23:05:00,6776.0,12386354,6801.5,1824.06536896,125,6775.0,6794.0,XBTUSD,2210,182406536896,12386354,6790.7103
2018-04-10 23:10:00,6789.0,9815687,6794.0,1447.4846343899999,9468,6768.5,6776.0,XBTUSD,1824,144748463439,9815687,6781.5001
2018-04-10 23:15:00,6795.0,5819740,6800.0,856.3972232399999,1,6788.5,6789.0,XBTUSD,1112,85639722324,5819740,6795.7866
2018-04-10 23:20:00,6788.0,3493088,6795.0,514.33209288,1839,6788.0,6795.0,XBTUSD,736,51433209288,3493088,6791.6327
2018-04-10 23:25:00,6799.0,6560436,6800.0,966.3059842600002,2650,6779.0,6788.0,XBTUSD,1380,96630598426,6560436,6789.3272
2018-04-10 23:30:00,6791.5,6387702,6802.5,939.6832694600001,1700,6791.0,6799.0,XBTUSD,1099,93968326946,6387702,6798.0965
2018-04-10 23:35:00,6796.5,3321674,6797.0,489.09287984,200,6787.5,6791.5,XBTUSD,787,48909287984,3321674,6791.6327
2018-04-10 23:40:00,6820.0,9702294,6824.0,1423.9954321100004,3000,6796.5,6796.5,XBTUSD,2304,142399543211,9702294,6813.8457
2018-04-10 23:45:00,6813.0,9070749,6830.0,1329.58533311,1700,6810.0,6820.0,XBTUSD,1864,132958533311,9070749,6822.6786
2018-04-10 23:50:00,6814.5,2369902,6815.5,347.80157765000007,3000,6813.0,6813.0,XBTUSD,576,34780157765,2369902,6814.3101
2018-04-10 23:55:00,6821.5,3386382,6822.0,496.82130875999997,441,6813.0,6814.5,XBTUSD,737,49682130876,3386382,6816.168
